Sample_ID,TP53_Expression,Mutation_Status
TCGA-D8-A146-01A,3.65538617808556,Wild-type
TCGA-AQ-A0Y5-01A,3.304262783450118,Wild-type
TCGA-C8-A274-01A,4.2437376195381615,Wild-type
TCGA-BH-A0BD-01A,4.410415734199257,Wild-type
TCGA-B6-A1KC-01B,3.838961848643069,Wild-type
TCGA-AC-A62V-01A,3.3507235344410224,Wild-type
TCGA-AO-A0J5-01A,3.95938996053917,Wild-type
TCGA-BH-A0B1-01A,3.405107416833946,Wild-type
TCGA-A2-A0YM-01A,4.156995188195961,Mutated
TCGA-AO-A03N-01B,4.440008691159951,Wild-type
TCGA-AO-A1KQ-01A,3.988611982198006,Wild-type
TCGA-E2-A1LI-01A,5.429321369941442,Wild-type
TCGA-BH-A18L-11A,3.5987105912903643,Wild-type
TCGA-B6-A0WV-01A,4.212693837905154,Wild-type
TCGA-E2-A1LE-01A,4.445521459555831,Wild-type
TCGA-A2-A0CO-01A,3.4985955410959324,Wild-type
TCGA-AN-A0AK-01A,5.1924585299217325,Wild-type
TCGA-BH-A28Q-01A,4.460506681557728,Wild-type
TCGA-3C-AALJ-01A,3.75468444190499,Wild-type
TCGA-BH-A0BM-01A,3.30891417306228,Wild-type
TCGA-AO-A03O-01A,4.303904924178188,Mutated
TCGA-AC-A4ZE-01A,2.668436863932489,Wild-type
TCGA-E9-A22A-01A,4.2420536744333095,Wild-type
TCGA-AR-A0TW-01A,3.508656828781452,Wild-type
TCGA-BH-A1FE-01A,4.046613287711534,Mutated
TCGA-BH-A1FE-11B,4.336690427553764,Wild-type
TCGA-A2-A3XX-01A,5.285908922742807,Wild-type
TCGA-A8-A095-01A,4.822051972882282,Wild-type
TCGA-AN-A0FL-01A,1.4919043912414465,Mutated
TCGA-D8-A1Y2-01A,3.563084895293226,Wild-type
TCGA-C8-A138-01A,2.8921384107271653,Mutated
TCGA-AR-A255-01A,4.065106962230768,Wild-type
TCGA-GM-A5PV-01A,4.2871471940626815,Wild-type
TCGA-E2-A108-01A,3.874049363755226,Wild-type
TCGA-AC-A2BM-01A,3.2641460548681027,Wild-type
TCGA-E2-A1IN-01A,4.55596949459953,Mutated
TCGA-A8-A08I-01A,3.962474989206161,Wild-type
TCGA-AC-A3W7-01A,3.835307665295648,Wild-type
TCGA-E9-A1QZ-01A,3.860635101068364,Wild-type
TCGA-EW-A1PH-01A,2.987902920520189,Mutated
TCGA-BH-A0W7-01A,4.258089217999808,Wild-type
TCGA-AR-A24K-01A,2.1658154881323357,Mutated
TCGA-BH-A0H9-01A,4.354409843913567,Wild-type
TCGA-BH-A209-11A,4.15240248434637,Wild-type
TCGA-A8-A09B-01A,4.444216485544415,Wild-type
TCGA-A2-A0YT-01A,4.22957254211452,Mutated
TCGA-BH-A0B5-01A,4.406638705570869,Wild-type
TCGA-C8-A131-01A,4.7881479925114565,Mutated
TCGA-A8-A093-01A,3.484009198269737,Wild-type
TCGA-A1-A0SK-01A,5.899707357060045,Mutated
TCGA-3C-AALK-01A,3.743891910936569,Wild-type
TCGA-AC-A6IV-01A,4.1471845693130405,Wild-type
TCGA-BH-A0GZ-01A,4.703582477523326,Wild-type
TCGA-A2-A0CV-01A,3.984261220684439,Wild-type
TCGA-C8-A12Q-01A,3.9492641104717983,Mutated
TCGA-AR-A1AL-01A,4.03738222200308,Wild-type
TCGA-BH-A1F6-11B,3.620117165028684,Wild-type
TCGA-AN-A0XP-01A,3.5581451589895825,Wild-type
TCGA-AN-A046-01A,3.650396946669789,Mutated
TCGA-A7-A4SF-01A,4.246598103057115,Wild-type
TCGA-LL-A740-01A,3.083281458443486,Wild-type
TCGA-E9-A1N6-11A,4.386472990749263,Wild-type
TCGA-EW-A1J5-01A,3.3583259260455223,Wild-type
TCGA-BH-A18G-01A,4.826645087425138,Wild-type
TCGA-A8-A07R-01A,4.62158305050188,Mutated
TCGA-EW-A6SB-01A,5.161464483498904,Mutated
TCGA-A2-A04Q-01A,3.156639310692088,Wild-type
TCGA-B6-A0IC-01A,4.536885940443472,Wild-type
TCGA-C8-A12X-01A,4.421674386539499,Wild-type
TCGA-Z7-A8R5-01A,4.5934374376949245,Wild-type
TCGA-OL-A97C-01A,3.6858504676452464,Wild-type
TCGA-A2-A0EV-01A,3.691467165141753,Wild-type
TCGA-AR-A0U4-01A,4.835757366666568,Wild-type
TCGA-A8-A06X-01A,3.363353330286502,Wild-type
TCGA-PL-A8LY-01A,5.048484694281468,Wild-type
TCGA-A2-A4S2-01A,3.9540939219443407,Wild-type
TCGA-A7-A0CH-11A,3.6409910396439074,Wild-type
TCGA-A2-A04Y-01A,3.786711354738615,Wild-type
TCGA-D8-A1JA-01A,3.498531718869728,Wild-type
TCGA-D8-A27E-01A,3.553692260469521,Wild-type
TCGA-A8-A06O-01A,3.716036095873573,Mutated
TCGA-A1-A0SO-01A,5.430813807450848,Mutated
TCGA-BH-A1F2-11A,3.4011389273182644,Wild-type
TCGA-BH-A18N-11A,3.659947385674962,Wild-type
TCGA-A7-A13G-11A,2.539655136920405,Wild-type
TCGA-A7-A26J-01A,4.135025863885876,Wild-type
TCGA-GM-A2D9-01A,4.177782284087931,Wild-type
TCGA-LL-A5YP-01A,4.852638117078989,Mutated
TCGA-A7-A26J-01B,3.55678498706546,Wild-type
TCGA-A7-A26E-01B,2.816538270377672,Wild-type
TCGA-E2-A1IU-01A,3.788445589431112,Wild-type
TCGA-A7-A26E-01A,3.2793227097191195,Wild-type
TCGA-AC-A2FB-01A,3.636694216213679,Wild-type
TCGA-A2-A04W-01A,3.658999750197901,Mutated
TCGA-A2-A0T1-01A,4.354635518457257,Mutated
TCGA-B6-A0IQ-01A,3.00611846138338,Wild-type
TCGA-E9-A1N3-01A,3.623082575320261,Wild-type
TCGA-BH-A5IZ-01A,4.397378577379097,Mutated
TCGA-AC-A2B8-01A,4.158320867857954,Wild-type
TCGA-BH-A204-01A,5.523972752023312,Wild-type
TCGA-AO-A03U-01B,3.519441259628039,Wild-type
TCGA-LL-A7SZ-01A,3.651947176097459,Wild-type
TCGA-A8-A09Q-01A,2.610818156109446,Mutated
TCGA-BH-AB28-01A,4.683426976370195,Wild-type
TCGA-D8-A1XZ-01A,2.4535702553890424,Mutated
TCGA-E2-A1LL-01A,2.4446670668419075,Wild-type
TCGA-AO-A12E-01A,3.9871207304157537,Wild-type
TCGA-S3-AA12-01A,3.931437229622646,Wild-type
TCGA-A7-A13F-11A,3.595742339474399,Wild-type
TCGA-A2-A3XY-01A,2.886042822555288,Wild-type
TCGA-E2-A15J-01A,4.827402411676103,Wild-type
TCGA-E2-A1IE-01A,3.760827709018613,Wild-type
TCGA-BH-A1F0-11B,3.7079554148267806,Wild-type
TCGA-AR-A24L-01A,3.4808984244042045,Wild-type
TCGA-A8-A0AB-01A,4.541062532486906,Wild-type
TCGA-BH-A0B7-11A,4.665210830813277,Wild-type
TCGA-A1-A0SJ-01A,3.404167421637106,Wild-type
TCGA-A7-A4SA-01A,3.850239355165909,Wild-type
TCGA-S3-AA10-01A,3.085203679910613,Mutated
TCGA-BH-A0BT-11A,4.415001431451972,Wild-type
TCGA-AR-A1AJ-01A,5.183216529752328,Mutated
TCGA-LL-A5YL-01A,4.185541505969393,Wild-type
TCGA-E9-A244-01A,5.035223594291954,Mutated
TCGA-B6-A0X0-01A,5.48219324374641,Wild-type
TCGA-AO-A1KT-01A,4.433774032773836,Wild-type
TCGA-E2-A1LK-01A,2.148576232737703,Mutated
TCGA-EW-A1P4-01A,5.298541018516531,Mutated
TCGA-E2-A14R-01A,5.063761775851849,Mutated
TCGA-A7-A5ZW-01A,4.195465718080556,Wild-type
TCGA-BH-A1FL-01A,4.825383692396376,Wild-type
TCGA-A2-A0ST-01A,4.950561729052059,Wild-type
TCGA-E9-A22H-01A,4.435815252314501,Wild-type
TCGA-A1-A0SI-01A,3.98948419536095,Mutated
TCGA-B6-A0IN-01A,3.277642624407918,Wild-type
TCGA-E2-A15K-01A,4.2884102443042025,Wild-type
TCGA-E2-A15K-06A,3.515434925693651,Wild-type
TCGA-AR-A24Z-01A,3.6464046224557696,Wild-type
TCGA-E9-A1NG-01A,4.057614894657732,Wild-type
TCGA-AR-A1AW-01A,4.780556827096424,Mutated
TCGA-D8-A1JK-01A,2.553335925697683,Mutated
TCGA-3C-AALI-01A,2.3997453225754004,Mutated
TCGA-AC-A7VB-01A,4.416035769297289,Wild-type
TCGA-BH-A0B8-11A,2.6144036069536813,Wild-type
TCGA-BH-A0E7-01A,3.5937003586428147,Wild-type
TCGA-AC-A6NO-01A,4.7581912285236605,Wild-type
TCGA-C8-A8HP-01A,2.199373960721821,Mutated
TCGA-BH-A0DO-01B,4.340049472853166,Wild-type
TCGA-AO-A0JL-01A,2.496360081556356,Wild-type
TCGA-A7-A0CJ-01A,4.178523437556032,Mutated
TCGA-BH-A0BJ-11A,4.535374923032845,Wild-type
TCGA-E2-A1LH-01A,4.516475374016742,Mutated
TCGA-BH-A18Q-01A,2.690908712626481,Mutated
TCGA-BH-A0DG-11A,4.289185253873634,Wild-type
TCGA-A8-A097-01A,2.971387205618151,Mutated
TCGA-AO-A03T-01A,3.104638587645902,Wild-type
TCGA-D8-A27T-01A,3.7839280463072167,Wild-type
TCGA-D8-A1JS-01A,4.246476495821368,Wild-type
TCGA-BH-A0DL-01A,4.177048725188307,Mutated
TCGA-EW-A423-01A,3.7509708840124496,Wild-type
TCGA-A7-A5ZX-01A,3.5878570076661345,Wild-type
TCGA-C8-A26Y-01A,4.49436440469585,Wild-type
TCGA-BH-A2L8-01A,4.467122940860116,Wild-type
TCGA-D8-A1JI-01A,3.10168368928722,Wild-type
TCGA-D8-A3Z5-01A,4.135534869761189,Wild-type
TCGA-A1-A0SM-01A,3.343493102242721,Wild-type
TCGA-BH-A0AV-01A,5.107307061378631,Mutated
TCGA-A8-A075-01A,2.275811632318435,Mutated
TCGA-BH-A1FM-01A,3.9968135377058736,Wild-type
TCGA-A8-A08C-01A,4.839183628025385,Wild-type
TCGA-B6-A0I9-01A,4.637702976334644,Mutated
TCGA-AO-A0JM-01A,4.142470621708079,Wild-type
TCGA-AC-A23H-11A,3.952436079816924,Wild-type
TCGA-AQ-A54N-01A,3.134746655368488,Mutated
TCGA-AO-A0JG-01A,3.877626474118014,Wild-type
TCGA-AO-A12G-01A,4.380029815566487,Wild-type
TCGA-GM-A2DN-01A,3.800268340017333,Wild-type
TCGA-E2-A15M-01A,4.022199118822897,Mutated
TCGA-BH-A8G0-01A,3.878215257149036,Wild-type
TCGA-A8-A082-01A,3.9996843759371647,Wild-type
TCGA-A2-A0EN-01A,3.850419400722541,Wild-type
TCGA-A7-A13E-11A,3.2863341207681587,Wild-type
TCGA-AR-A24X-01A,4.902927363490643,Wild-type
TCGA-A7-A13E-01B,2.789833563948816,Wild-type
TCGA-OK-A5Q2-01A,4.363984028907231,Wild-type
TCGA-D8-A142-01A,4.628656961947134,Mutated
TCGA-A2-A0CS-01A,4.718969813783164,Wild-type
TCGA-D8-A1Y0-01A,3.7095663538399903,Wild-type
TCGA-E9-A22D-01A,3.690696443977697,Wild-type
TCGA-BH-A0HI-01A,4.100279671869767,Wild-type
TCGA-BH-A0C7-01B,4.357847550888608,Wild-type
TCGA-A7-A3J1-01A,4.295649565692177,Wild-type
TCGA-A7-A2KD-01A,2.310921735230344,Wild-type
TCGA-S3-AA14-01A,3.671010241278452,Wild-type
TCGA-E2-A1LS-11A,2.5005216433795434,Wild-type
TCGA-BH-A0AY-01A,4.040866135843954,Wild-type
TCGA-BH-A0AY-11A,3.712771842324893,Wild-type
TCGA-AC-A3QQ-01B,3.380050601632809,Wild-type
TCGA-E9-A1RB-01A,4.615457496353479,Mutated
TCGA-D8-A1XK-01A,5.0587537408470045,Mutated
TCGA-OL-A66I-01A,3.280793036634644,Mutated
TCGA-A2-A0CT-01A,3.2395049717977606,Wild-type
TCGA-A8-A09N-01A,4.524740720747861,Mutated
TCGA-BH-A0AU-11A,4.391685246464494,Wild-type
TCGA-D8-A1XQ-01A,3.2600708335956576,Mutated
TCGA-C8-A135-01A,2.5226333143487074,Mutated
TCGA-D8-A1X9-01A,3.315928452581237,Wild-type
TCGA-AO-A0JE-01A,4.12608080474585,Mutated
TCGA-HN-A2OB-01A,3.701682120295283,Wild-type
TCGA-EW-A1IY-01A,4.325436787210569,Wild-type
TCGA-A8-A09M-01A,3.6636975639268576,Wild-type
TCGA-A8-A0A1-01A,3.937457392558177,Wild-type
TCGA-E9-A1RH-11A,2.678657880954713,Wild-type
TCGA-E9-A1RH-01A,3.127798338365821,Mutated
TCGA-BH-A1EV-01A,3.547844628364022,Wild-type
TCGA-BH-A1EV-11A,3.8812926418479607,Wild-type
TCGA-A8-A09I-01A,4.156000128422425,Wild-type
TCGA-AR-A2LR-01A,2.263965845635964,Mutated
TCGA-C8-A1HO-01A,3.91406695665304,Wild-type
TCGA-EW-A2FW-01A,4.249513605797612,Wild-type
TCGA-AR-A2LL-01A,3.5244523885857086,Wild-type
TCGA-5L-AAT1-01A,4.240871453165847,Wild-type
TCGA-A7-A0DA-01A,4.49836576786697,Mutated
TCGA-A8-A091-01A,3.563731676845053,Wild-type
TCGA-BH-A0C0-11A,4.160081168069704,Wild-type
TCGA-AC-A2QH-01B,4.998425702080564,Mutated
TCGA-B6-A0IK-01A,4.838553483789333,Mutated
TCGA-AC-A2QH-01A,5.065085414642937,Mutated
TCGA-GM-A2DO-01A,4.18101506383741,Wild-type
TCGA-EW-A6SD-01A,4.708242426053075,Mutated
TCGA-A8-A07G-01A,2.6576628686564647,Wild-type
TCGA-AR-A24Q-01A,5.718238313600061,Mutated
TCGA-A2-A0D4-01A,3.554539737818984,Wild-type
TCGA-AC-A8OP-01A,3.346375440561412,Wild-type
TCGA-LL-A442-01A,2.6910874409518937,Wild-type
TCGA-D8-A143-01A,2.598436671273523,Mutated
TCGA-BH-A1FD-11B,3.58728097130786,Wild-type
TCGA-E9-A1NA-11A,3.9376551219771994,Wild-type
TCGA-E2-A1IG-11A,3.7233073512151593,Wild-type
TCGA-E2-A572-01A,3.127501219215837,Wild-type
TCGA-PE-A5DC-01A,3.9169447278124254,Wild-type
TCGA-A2-A259-01A,5.293318979484466,Wild-type
TCGA-A8-A06P-01A,4.495170683464932,Wild-type
TCGA-B6-A1KI-01A,4.175013539454265,Wild-type
TCGA-BH-A0DI-01A,3.47413747897383,Mutated
TCGA-BH-A0W5-01A,4.311335992644488,Wild-type
TCGA-AC-A2FG-01A,4.30277233549749,Wild-type
TCGA-AQ-A7U7-01A,3.9228733587470073,Wild-type
TCGA-AO-A0JD-01A,4.180466161223898,Mutated
TCGA-BH-A0BM-11A,4.468870002982061,Wild-type
TCGA-D8-A1JG-01B,2.6859849867559027,Mutated
TCGA-BH-A0BW-11A,4.535262932836327,Wild-type
TCGA-E2-A15T-01A,3.1723755006771346,Wild-type
TCGA-AO-A128-01A,3.2432577811472325,Mutated
TCGA-AN-A0FZ-01A,3.584661907941469,Wild-type
TCGA-A1-A0SH-01A,3.360603067059845,Wild-type
TCGA-E2-A14V-01A,4.323506981674294,Wild-type
TCGA-BH-A1FB-01A,4.139755975481314,Wild-type
TCGA-E9-A1NF-11A,2.940617815870162,Wild-type
TCGA-E9-A1NF-01A,3.831532736358769,Mutated
TCGA-AC-A3HN-01A,3.912534904536898,Wild-type
TCGA-A8-A08P-01A,2.4212637008542672,Mutated
TCGA-D8-A1XD-01A,4.123906184271964,Wild-type
TCGA-B6-A0WX-01A,5.842858183255977,Mutated
TCGA-A1-A0SP-01A,2.246681702086008,Mutated
TCGA-AC-A23E-01A,3.823382526800116,Wild-type
TCGA-C8-A278-01A,4.413715926507122,Mutated
TCGA-B6-A0IE-01A,2.839496077481278,Mutated
TCGA-AR-A2LN-01A,3.7670297068354346,Wild-type
TCGA-A2-A0EQ-01A,4.798403107417114,Mutated
TCGA-D8-A27W-01A,3.6314652020773,Wild-type
TCGA-AR-A0U2-01A,4.456852136044377,Mutated
TCGA-BH-A18T-01A,5.450241294869843,Mutated
TCGA-AO-A1KS-01A,1.867540687104167,Wild-type
TCGA-A7-A26G-01A,4.3638438974839575,Mutated
TCGA-BH-A1F5-01A,4.377075149344182,Wild-type
TCGA-A1-A0SG-01A,3.9714975709059104,Wild-type
TCGA-BH-A0B4-01A,3.841721581128463,Wild-type
TCGA-EW-A1P8-01A,5.503145165950165,Mutated
TCGA-AC-A2FK-01A,4.2542160872423205,Wild-type
TCGA-EW-A424-01A,4.677953554180761,Wild-type
TCGA-A2-A3KD-01A,3.302392170993496,Wild-type
TCGA-B6-A0RO-01A,4.156226706436436,Wild-type
TCGA-E2-A15I-11A,2.8510593807891578,Wild-type
TCGA-E2-A15I-01A,3.741909165335512,Wild-type
TCGA-GM-A3XG-01A,4.304540245867421,Wild-type
TCGA-AR-A24S-01A,4.319054271352245,Mutated
TCGA-AC-A2BK-01A,4.929729464137552,Mutated
TCGA-A2-A0SY-01A,3.807457968023213,Wild-type
TCGA-A8-A07U-01A,3.3943906652440803,Mutated
TCGA-BH-A0BV-11A,4.161847383069893,Wild-type
TCGA-BH-A0BV-01A,4.513806537433724,Wild-type
TCGA-A8-A0A9-01A,4.395323338783056,Wild-type
TCGA-A2-A0ER-01A,3.080316560366714,Wild-type
TCGA-A2-A0YI-01A,3.979211383373429,Wild-type
TCGA-BH-A0DT-01A,4.720688885332123,Wild-type
TCGA-A8-A08G-01A,3.151810120077949,Wild-type
TCGA-BH-A18I-01A,4.2499837860611045,Wild-type
TCGA-E2-A1B0-01A,4.81127064230243,Mutated
TCGA-AO-A12A-01A,4.847455794449755,Wild-type
TCGA-A2-A0D2-01A,2.9201217674860325,Mutated
TCGA-E9-A24A-01A,4.018812185742817,Wild-type
TCGA-A7-A0CG-01A,3.7909388137758193,Wild-type
TCGA-BH-A1EW-11B,3.988984554417549,Wild-type
TCGA-4H-AAAK-01A,3.864413985793071,Wild-type
TCGA-LL-A441-01A,4.996659904242027,Wild-type
TCGA-BH-A18V-01A,2.9278774957193607,Mutated
TCGA-BH-A18V-06A,2.8973178836318305,Mutated
TCGA-BH-A18V-11A,4.4140949312393705,Wild-type
TCGA-BH-A0H3-01A,4.496711597528391,Wild-type
TCGA-D8-A1JE-01A,3.707701472675701,Wild-type
TCGA-AO-A03L-01A,3.105443419748348,Mutated
TCGA-D8-A1XS-01A,3.445448624093517,Wild-type
TCGA-BH-A42T-01A,4.088073735675614,Wild-type
TCGA-AN-A0FS-01A,3.651809445360021,Wild-type
TCGA-AN-A0AM-01A,4.201280984990968,Wild-type
TCGA-AR-A24O-01A,3.7813177436039047,Wild-type
TCGA-LL-A440-01A,3.662501757314322,Wild-type
TCGA-V7-A7HQ-01A,4.101675286062444,Wild-type
TCGA-GM-A3XL-01A,5.169644450129878,Mutated
TCGA-AC-A2FB-11A,3.8432502541020375,Wild-type
TCGA-D8-A1XY-01A,3.369578153836036,Wild-type
TCGA-B6-A0IO-01A,4.290247447587192,Wild-type
TCGA-C8-A137-01A,4.213751646311006,Wild-type
TCGA-A2-A0ES-01A,3.706828895997375,Wild-type
TCGA-OL-A5RW-01A,2.060185765046563,Mutated
TCGA-BH-A0DQ-01A,4.181929437690067,Wild-type
TCGA-LL-A73Z-01A,3.997969782267101,Wild-type
TCGA-GM-A2DB-01A,2.289627929631949,Mutated
TCGA-AN-A0AL-01A,4.441304193930443,Mutated
TCGA-A2-A0YC-01A,3.4097575038332284,Wild-type
TCGA-AO-A0JB-01A,2.5967682093366014,Mutated
TCGA-AN-A0XU-01A,3.741736623826638,Mutated
TCGA-BH-A0W4-01A,3.9116053051705655,Wild-type
TCGA-A2-A0D1-01A,2.5735926594062,Mutated
TCGA-B6-A0WZ-01A,3.386824738901898,Wild-type
TCGA-B6-A0IJ-01A,5.25946081613399,Mutated
TCGA-B6-A0RE-01A,3.150738377730941,Mutated
TCGA-AN-A0FY-01A,5.2138993666398505,Mutated
TCGA-A7-A13F-01A,4.2754168458383415,Wild-type
TCGA-BH-A1F0-01A,3.117379210800064,Mutated
TCGA-A2-A3KC-01A,4.538227739736,Wild-type
TCGA-BH-A0H7-11A,4.000522882185651,Wild-type
TCGA-BH-A18U-11A,3.7003065401443926,Wild-type
TCGA-BH-A0E0-11A,4.286067924499326,Wild-type
TCGA-BH-A18U-01A,2.6644828403646827,Mutated
TCGA-BH-A0E0-01A,4.70674050436717,Mutated
TCGA-BH-A0BT-01A,5.0311393140190015,Mutated
TCGA-OL-A5RV-01A,4.2749474307705535,Wild-type
TCGA-OL-A66O-01A,3.858359031190898,Wild-type
TCGA-AC-A3YI-01A,4.097475959013268,Wild-type
TCGA-BH-A0AZ-11A,4.023911780018889,Wild-type
TCGA-D8-A1JD-01A,3.3634654746390678,Wild-type
TCGA-BH-A18K-11A,3.8795783487295856,Wild-type
TCGA-BH-A18K-01A,4.42860471914793,Wild-type
TCGA-A8-A06Y-01A,4.746210634622029,Wild-type
TCGA-D8-A27F-01A,2.542505701478261,Mutated
TCGA-B6-A0IB-01A,4.303072009971617,Wild-type
TCGA-LL-A6FR-01A,4.003107462151978,Mutated
TCGA-A7-A3IZ-01A,3.425284731326396,Wild-type
TCGA-BH-A1FH-11B,4.191641605142745,Wild-type
TCGA-AR-A0TT-01A,4.882036500908589,Wild-type
TCGA-A7-A0D9-01A,3.034145269524237,Wild-type
TCGA-A7-A0D9-11A,2.541019153133559,Wild-type
TCGA-A2-A3Y0-01A,3.0889556823082183,Mutated
TCGA-E2-A15K-11A,3.91338730931259,Wild-type
TCGA-D8-A13Y-01A,2.600293544457973,Mutated
TCGA-B6-A0WS-01A,4.041549645011417,Wild-type
TCGA-A2-A3XV-01A,3.184946732236772,Wild-type
TCGA-E2-A14Y-01A,4.031130489683393,Mutated
TCGA-LD-A7W5-01A,4.378178655208042,Mutated
TCGA-S3-A6ZG-01A,4.9197881732373405,Wild-type
TCGA-A2-A04V-01A,3.9535446235248135,Wild-type
TCGA-BH-A1EU-01A,3.922302525637343,Wild-type
TCGA-BH-A1EU-11A,4.0303272491209245,Wild-type
TCGA-D8-A1XT-01A,4.428839176812154,Mutated
TCGA-E9-A22E-01A,3.682786764465096,Mutated
TCGA-AN-A0FJ-01A,2.0053281206952818,Mutated
TCGA-BH-A18P-11A,3.117046681487903,Wild-type
TCGA-BH-A0B8-01A,4.446209904075676,Wild-type
TCGA-A2-A0EW-01A,3.6938883472329818,Wild-type
TCGA-E2-A15H-01A,4.537532147737456,Wild-type
TCGA-BH-A0DO-11A,4.46040838591067,Wild-type
TCGA-AR-A24P-01A,3.706309517599599,Mutated
TCGA-AO-A0J2-01A,4.940514459174416,Mutated
TCGA-EW-A2FS-01A,3.699162923093043,Wild-type
TCGA-A8-A096-01A,4.2851506501023335,Wild-type
TCGA-AR-A1AV-01A,4.28683680197216,Wild-type
TCGA-OL-A6VR-01A,4.383434733848176,Wild-type
TCGA-E2-A1BC-01A,3.614438945328482,Wild-type
TCGA-BH-A0HU-01A,4.311604832926764,Wild-type
TCGA-LD-A7W6-01A,4.161210504571713,Wild-type
TCGA-C8-A8HR-01A,3.424438422214912,Wild-type
TCGA-BH-A0DD-11A,2.6459782754027845,Wild-type
TCGA-BH-A0DD-01A,3.241611408284826,Wild-type
TCGA-D8-A1JF-01A,4.175835940523711,Mutated
TCGA-BH-A0DG-01A,4.867031575919287,Wild-type
TCGA-OL-A5D8-01A,3.5701228618147542,Wild-type
TCGA-GM-A3NW-01A,3.5749249780093444,Wild-type
TCGA-D8-A27H-01A,2.225274929869569,Wild-type
TCGA-A2-A1G6-01A,4.299969926544818,Wild-type
TCGA-A2-A0YH-01A,4.295304258996556,Mutated
TCGA-AO-A03V-01A,4.106792183156932,Mutated
TCGA-BH-A208-11A,4.166972472410696,Wild-type
TCGA-EW-A1J3-01A,3.6064777620546127,Wild-type
TCGA-A7-A26H-01A,3.180068275168013,Wild-type
TCGA-GM-A3NY-01A,4.473384303270649,Wild-type
TCGA-E2-A153-11A,4.227548559920444,Wild-type
TCGA-E2-A153-01A,3.72159139877538,Wild-type
TCGA-A2-A1G1-01A,2.5259435722872503,Mutated
TCGA-E2-A1IK-01A,3.9922155333949214,Wild-type
TCGA-JL-A3YX-01A,5.133395015169062,Wild-type
TCGA-A2-A0CY-01A,4.442644976337185,Wild-type
TCGA-AN-A0FT-01A,4.46681633493354,Mutated
TCGA-A2-A1FV-01A,3.0225631185213016,Wild-type
TCGA-AR-A0TU-01A,5.513746542301891,Wild-type
TCGA-E2-A155-01A,3.293547057859081,Mutated
TCGA-AR-A2LM-01A,3.572501664642034,Wild-type
TCGA-A2-A0SV-01A,4.369222174981378,Mutated
TCGA-E9-A22G-01A,2.2817575885202954,Mutated
TCGA-A2-A4RW-01A,3.863809632615869,Wild-type
TCGA-A8-A07S-01A,4.322606002260824,Wild-type
TCGA-A8-A06Q-01A,4.201923939160139,Mutated
TCGA-A2-A0EP-01A,3.71778059490927,Wild-type
TCGA-AR-A0TS-01A,3.1113819248259795,Mutated
TCGA-BH-A0B2-01A,3.452345036597026,Wild-type
TCGA-3C-AAAU-01A,3.821587774616402,Wild-type
TCGA-AN-A0FD-01A,2.706066340047099,Wild-type
TCGA-BH-A0BS-01A,3.813996617591708,Wild-type
TCGA-AR-A2LE-01A,3.265451899039317,Wild-type
TCGA-B6-A0IM-01A,3.767919585801802,Wild-type
TCGA-A1-A0SB-01A,5.332783109339168,Wild-type
TCGA-S3-AA11-01A,4.539729571067321,Wild-type
TCGA-A8-A08B-01A,1.640250721454018,Wild-type
TCGA-AO-A124-01A,1.8806855252611243,Mutated
TCGA-BH-A0B0-01A,4.035747061368059,Mutated
TCGA-A2-A0CR-01A,4.226570182125558,Wild-type
TCGA-AR-A24M-01A,3.896126506190174,Wild-type
TCGA-BH-A0BZ-01A,3.287531396532028,Wild-type
TCGA-A8-A07F-01A,4.765831741240619,Wild-type
TCGA-B6-A0RM-01A,4.966873396759981,Wild-type
TCGA-A8-A0A2-01A,3.1323300664272726,Wild-type
TCGA-BH-A1EN-11A,3.477806827591505,Wild-type
TCGA-BH-A1EN-01A,3.505065207756526,Wild-type
TCGA-C8-A12Y-01A,2.2736650748571936,Wild-type
TCGA-B6-A0WT-01A,4.226123143125237,Wild-type
TCGA-C8-A12V-01A,4.604984583219562,Wild-type
TCGA-EW-A1PC-01B,4.137151004055387,Wild-type
TCGA-A2-A0EO-01A,4.12899444907904,Wild-type
TCGA-A7-A26F-01B,4.39589910077965,Mutated
TCGA-A7-A26F-01A,4.23282189989606,Mutated
TCGA-EW-A1J2-01A,3.691846789412699,Wild-type
TCGA-UL-AAZ6-01A,4.482474011303161,Wild-type
TCGA-A2-A0CL-01A,4.551429884009618,Mutated
TCGA-AR-A0U3-01A,2.145188323120806,Mutated
TCGA-BH-A1F8-01A,4.120609067555393,Wild-type
TCGA-A2-A0CQ-01A,4.471089889794555,Wild-type
TCGA-BH-A6R8-01A,3.78568654993764,Wild-type
TCGA-AR-A1AS-01A,4.263154625411455,Mutated
TCGA-BH-A0BQ-01A,4.024417203218727,Wild-type
TCGA-BH-A0DP-11A,3.7364100496262767,Wild-type
TCGA-A8-A08S-01A,4.015658129506882,Wild-type
TCGA-E2-A1IJ-01A,3.7370810051531,Wild-type
TCGA-B6-A0IH-01A,4.014962239932707,Wild-type
TCGA-A8-A081-01A,4.134910902216905,Mutated
TCGA-AR-A2LJ-01A,3.87421662419014,Wild-type
TCGA-D8-A1XC-01A,3.878283932853045,Wild-type
TCGA-E9-A1RI-01A,3.6817303554358447,Wild-type
TCGA-AC-A62X-01A,4.695437110405369,Mutated
TCGA-C8-A1HK-01A,2.092410429684445,Mutated
TCGA-BH-A0B6-01A,3.7045732159951,Wild-type
TCGA-A8-A083-01A,4.291382540023102,Wild-type
TCGA-C8-A12T-01A,2.3993898745824045,Wild-type
TCGA-A2-A04X-01A,3.9987190396409344,Wild-type
TCGA-D8-A1XA-01A,1.9289577048576152,Mutated
TCGA-BH-A0DT-11A,4.327917257418648,Wild-type
TCGA-E2-A15A-06A,3.8679261081067415,Wild-type
TCGA-E2-A15A-01A,3.651993083421464,Wild-type
TCGA-B6-A408-01A,3.746527757118188,Wild-type
TCGA-AR-A24W-01A,4.092215896650159,Wild-type
TCGA-A7-A0CH-01A,4.244529384689894,Wild-type
TCGA-BH-A1EW-01A,4.060038734393167,Wild-type
TCGA-A2-A0EX-01A,3.849358808852,Wild-type
TCGA-C8-A8HQ-01A,4.167919865551935,Wild-type
TCGA-B6-A0RU-01A,2.9069098314141586,Mutated
TCGA-A7-A0CE-01A,4.757380674741143,Mutated
TCGA-A7-A3IY-01A,4.106658200972349,Wild-type
TCGA-GM-A2DI-01A,2.904040864734373,Mutated
TCGA-E9-A1N4-11A,4.472500768656818,Wild-type
TCGA-E9-A243-01A,3.649649945385269,Mutated
TCGA-E2-A1LH-11A,4.373536855755769,Wild-type
TCGA-E2-A159-01A,4.3022898018932745,Mutated
TCGA-BH-A1FG-11B,3.835135832255589,Wild-type
TCGA-LL-A7T0-01A,4.367888218262494,Wild-type
TCGA-D8-A27N-01A,3.39932150915802,Mutated
TCGA-A8-A08Z-01A,4.087216713455397,Wild-type
TCGA-AC-A5XS-01A,4.671627395849328,Wild-type
TCGA-B6-A400-01A,2.6017915838620262,Wild-type
TCGA-E2-A1BC-11A,2.664095945972815,Wild-type
TCGA-C8-A26Z-01A,3.442293307455021,Wild-type
TCGA-AC-A2QJ-01A,1.934818407478707,Wild-type
TCGA-AR-A24R-01A,4.305963227259979,Wild-type
TCGA-A8-A08H-01A,3.517237892844311,Wild-type
TCGA-EW-A1PG-01A,4.198863423734098,Wild-type
TCGA-BH-A1FN-11A,4.737778684327246,Wild-type
TCGA-BH-A0HB-01A,3.598162699238464,Wild-type
TCGA-BH-A1FN-01A,4.411094007957944,Mutated
TCGA-E2-A1BD-01A,4.633111480218031,Wild-type
TCGA-A7-A5ZV-01A,1.604972726410393,Mutated
TCGA-B6-A1KN-01A,4.541112107293631,Mutated
TCGA-AR-A1AH-01A,2.1804343343773422,Mutated
TCGA-A8-A09X-01A,4.227348316109661,Mutated
TCGA-BH-A208-01A,3.105259018711038,Mutated
TCGA-GM-A2DM-01A,3.911576545123368,Wild-type
TCGA-B6-A402-01A,2.138060820999332,Wild-type
TCGA-A2-A0YJ-01A,3.070784297462798,Mutated
TCGA-BH-A1FM-11B,3.919549844395575,Wild-type
TCGA-D8-A141-01A,4.502769759885942,Wild-type
TCGA-AR-A1AN-01A,2.7915432148996984,Mutated
TCGA-BH-A18S-01A,2.885105754024878,Wild-type
TCGA-GM-A2DH-01A,3.0914798169440867,Mutated
TCGA-AC-A23H-01A,4.538736799874217,Wild-type
TCGA-OL-A5RZ-01A,3.8138017094006007,Wild-type
TCGA-OL-A5RX-01A,4.356538243226589,Wild-type
TCGA-C8-A273-01A,4.135928815526407,Wild-type
TCGA-A2-A0CK-01A,4.000459785769818,Wild-type
TCGA-B6-A0X7-01A,3.632605580536476,Wild-type
TCGA-A2-A4RY-01A,4.1961427514204015,Wild-type
TCGA-E9-A1RC-11A,2.567715796312397,Wild-type
TCGA-E2-A1L9-01A,4.533569577454263,Wild-type
TCGA-BH-A8FY-01A,3.553077835220081,Wild-type
TCGA-E2-A9RU-01A,3.355805638944072,Mutated
TCGA-AC-A3QP-01A,4.083672914709821,Wild-type
TCGA-A7-A13E-01A,3.906366321161369,Mutated
TCGA-BH-A0DH-01A,3.9163906534288992,Wild-type
TCGA-A8-A09W-01A,5.023419487232881,Wild-type
TCGA-B6-A0RV-01A,4.210692770995884,Wild-type
TCGA-D8-A1JT-01A,2.910732661902913,Wild-type
TCGA-E9-A1R3-01A,4.482138374738152,Wild-type
TCGA-B6-A401-01A,4.709456072916463,Mutated
TCGA-E2-A570-01A,3.85277792181896,Wild-type
TCGA-A8-A07O-01A,2.4488745279170594,Mutated
TCGA-C8-A275-01A,4.025170575734906,Mutated
TCGA-S3-AA0Z-01A,5.516377666858743,Mutated
TCGA-E2-A1LA-01A,3.743978055484076,Wild-type
TCGA-E9-A229-01A,3.64287482344454,Wild-type
TCGA-A2-A04P-01A,2.3361405396994672,Mutated
TCGA-E2-A10F-01A,3.9917077688586935,Wild-type
TCGA-D8-A1XM-01A,3.621770576361894,Wild-type
TCGA-AN-A0FW-01A,4.027030164127644,Wild-type
TCGA-LL-A6FQ-01A,3.4599430289525945,Wild-type
TCGA-E2-A1LS-01A,3.5638780777017383,Mutated
TCGA-B6-A0RS-01A,4.2008181943059215,Mutated
TCGA-AO-A0J7-01A,4.708606627325262,Wild-type
TCGA-E9-A3X8-01A,3.5595407587713908,Wild-type
TCGA-B6-A3ZX-01A,4.870177280359554,Wild-type
TCGA-C8-A3M7-01A,3.617991919547727,Wild-type
TCGA-A2-A0T0-01A,4.760050581273871,Wild-type
TCGA-OL-A66J-01A,4.072800391263074,Wild-type
TCGA-EW-A6SC-01A,3.3930179902460056,Wild-type
TCGA-AN-A0AJ-01A,2.521603580280942,Mutated
TCGA-BH-A0DV-01A,3.873517937238387,Wild-type
TCGA-AQ-A54O-01A,4.373307157725688,Wild-type
TCGA-A2-A0CU-01A,3.165349218326419,Wild-type
TCGA-AR-A2LH-01A,4.127171015043997,Mutated
TCGA-BH-A0AU-01A,3.4623141271704188,Wild-type
TCGA-A8-A09D-01A,4.504626747874315,Wild-type
TCGA-D8-A1Y1-01A,4.268344559207857,Wild-type
TCGA-AO-A1KP-01A,5.247525021318825,Wild-type
TCGA-A8-A092-01A,4.492128785039185,Mutated
TCGA-A8-A09G-01A,4.080896387453379,Wild-type
TCGA-E9-A1RD-01A,4.02264300860305,Wild-type
TCGA-OL-A6VO-01A,5.74475850600156,Mutated
TCGA-E9-A1RD-11A,2.989466029630788,Wild-type
TCGA-AO-A0J3-01A,3.939969365020581,Wild-type
TCGA-AR-A1AO-01A,3.772360765819265,Wild-type
TCGA-AR-A254-01A,2.572307623614049,Mutated
TCGA-D8-A27L-01A,4.565968768187057,Wild-type
TCGA-D8-A1J8-01A,4.19945248884068,Wild-type
TCGA-GM-A4E0-01A,3.546894459887637,Wild-type
TCGA-BH-A0E1-11A,4.378747429132574,Wild-type
TCGA-E2-A14X-01A,2.6483043676036986,Mutated
TCGA-AQ-A04H-01B,4.093577077364192,Mutated
TCGA-BH-A0BR-01A,3.902874318179002,Mutated
TCGA-BH-A0HY-01A,3.633593954847029,Mutated
TCGA-BH-A42U-01A,4.366636949739386,Wild-type
TCGA-A8-A08T-01A,4.806437488566487,Wild-type
TCGA-A7-A13H-01A,3.993085571325926,Wild-type
TCGA-A2-A0CW-01A,1.96654121241907,Mutated
TCGA-AN-A041-01A,4.065796315171572,Wild-type
TCGA-AC-A3W5-01A,2.7744391898190264,Wild-type
TCGA-A2-A0D0-01A,2.0209821605695515,Mutated
TCGA-EW-A1PA-01A,2.9817248138880856,Mutated
TCGA-BH-A0BA-11A,3.828286300850472,Wild-type
TCGA-E9-A227-01A,3.865463571458778,Wild-type
TCGA-E9-A2JS-01A,3.421559944901823,Wild-type
TCGA-C8-A1HM-01A,5.143479135351864,Mutated
TCGA-OL-A5DA-01A,3.539990060342993,Wild-type
TCGA-A8-A08L-01A,2.4258352373632435,Wild-type
TCGA-AR-A24N-01A,3.533824953128934,Wild-type
TCGA-E2-A14Q-01A,4.11923995986992,Wild-type
TCGA-AN-A0FK-01A,5.022225756061509,Wild-type
TCGA-E2-A154-01A,4.77473962775163,Wild-type
TCGA-5T-A9QA-01A,4.724426538437477,Wild-type
TCGA-BH-A0H5-11A,4.047520939516075,Wild-type
TCGA-BH-A18J-11A,3.9424394363271698,Wild-type
TCGA-AR-A5QQ-01A,2.0906840901092454,Mutated
TCGA-AC-A3YJ-01A,4.120410005349469,Wild-type
TCGA-A8-A07L-01A,4.77541406747551,Wild-type
TCGA-A2-A0YF-01A,4.389559928659279,Wild-type
TCGA-E9-A1N8-01A,2.564573278960721,Mutated
TCGA-BH-A0H6-01A,4.133736125921102,Wild-type
TCGA-A8-A09A-01A,3.4069583696605137,Wild-type
TCGA-A8-A0AD-01A,3.2631696521543048,Wild-type
TCGA-D8-A27V-01A,3.9494228746814177,Wild-type
TCGA-GM-A2DD-01A,4.323052958379502,Mutated
TCGA-A2-A0T4-01A,3.728791252863902,Wild-type
TCGA-E9-A2JT-01A,4.241008793107013,Wild-type
TCGA-BH-A203-01A,4.638380884171524,Mutated
TCGA-D8-A1JL-01A,4.651780749801295,Mutated
TCGA-AC-A2FM-11B,4.2181456841638,Wild-type
TCGA-B6-A1KF-01A,3.204563319441321,Mutated
TCGA-AN-A03X-01A,3.391589021431836,Wild-type
TCGA-BH-A18M-01A,4.756815150484662,Wild-type
TCGA-EW-A2FV-01A,4.408188755290556,Wild-type
TCGA-BH-A18M-11A,3.827056836500153,Wild-type
TCGA-BH-A1FJ-01A,4.6869990812580165,Wild-type
TCGA-AN-A0XR-01A,4.230080016218908,Wild-type
TCGA-BH-A18R-11A,3.7815485630601295,Wild-type
TCGA-BH-A18R-01A,4.356777667804268,Wild-type
TCGA-EW-A1OW-01A,2.5737865276867247,Wild-type
TCGA-LL-A5YM-01A,3.339308445336072,Wild-type
TCGA-AO-A0J6-01A,2.035623909730721,Mutated
TCGA-AC-A2FO-01A,3.815575428862573,Wild-type
TCGA-E2-A1IH-01A,3.826914516776165,Wild-type
TCGA-AR-A1AX-01A,4.046953724060106,Wild-type
TCGA-A8-A099-01A,3.899127281981342,Wild-type
TCGA-LL-A5YN-01A,4.446355494481938,Wild-type
TCGA-EW-A1J1-01A,3.559308252540513,Wild-type
TCGA-E2-A1LG-01A,4.619195826975029,Mutated
TCGA-AR-A1AR-01A,2.9869205671349293,Mutated
TCGA-E2-A107-01A,4.767506495970782,Wild-type
TCGA-EW-A1P6-01A,4.413993421877276,Wild-type
TCGA-C8-A27B-01A,5.547844628364023,Mutated
TCGA-GM-A2DL-01A,3.6921705076660714,Mutated
TCGA-A7-A56D-01A,2.566303728421958,Mutated
TCGA-AC-A3OD-01A,2.529845928044716,Mutated
TCGA-BH-A0DK-11A,4.065580927759012,Wild-type
TCGA-E9-A1ND-11A,3.842707358400802,Wild-type
TCGA-AO-A03P-01A,4.7047115331584894,Wild-type
TCGA-D8-A1JH-01A,4.260898839600291,Wild-type
TCGA-A1-A0SD-01A,3.716826319044088,Wild-type
TCGA-AO-A1KO-01A,4.231255747366276,Wild-type
TCGA-A2-A0SU-01A,3.826080647764772,Wild-type
TCGA-AC-A3EH-01A,3.9099266762780265,Wild-type
TCGA-E2-A14O-01A,3.787526495746822,Wild-type
TCGA-BH-A0DS-01A,3.491801799594051,Wild-type
TCGA-S3-A6ZF-01A,3.4289329492101635,Wild-type
TCGA-A8-A09Z-01A,4.342483632967588,Wild-type
TCGA-D8-A147-01A,5.156339982100647,Mutated
TCGA-BH-A0HP-01A,3.6294848539396014,Wild-type
TCGA-OL-A66P-01A,3.265481904551701,Wild-type
TCGA-E9-A1N5-11A,4.942247054152491,Wild-type
TCGA-AQ-A1H3-01A,3.7143664241840137,Wild-type
TCGA-B6-A0RI-01A,3.682528352876761,Wild-type
TCGA-A2-A0YE-01A,1.6187554895704592,Mutated
TCGA-BH-A0BC-01A,4.177710539348248,Mutated
TCGA-B6-A40B-01A,4.5568340245495405,Wild-type
TCGA-BH-A0BC-11A,4.209375380005487,Wild-type
TCGA-E2-A150-01A,2.174278571036122,Mutated
TCGA-A8-A0A6-01A,3.398760790444761,Wild-type
TCGA-AO-A125-01A,4.251688799478663,Wild-type
TCGA-B6-A0I2-01A,2.353069173767009,Mutated
TCGA-AN-A049-01A,4.280807880779751,Wild-type
TCGA-E9-A1RA-01A,4.491872332135315,Wild-type
TCGA-A1-A0SF-01A,4.099084760891864,Wild-type
TCGA-A8-A079-01A,3.5450293236369155,Mutated
TCGA-S3-AA17-01A,3.530645108242562,Wild-type
TCGA-BH-A0BA-01A,3.7883202929470334,Wild-type
TCGA-A2-A0D3-01A,5.137524016431676,Wild-type
TCGA-C8-A132-01A,3.8504694093898055,Wild-type
TCGA-PE-A5DE-01A,3.900200237562194,Mutated
TCGA-B6-A0X4-01A,3.8079627868908834,Wild-type
TCGA-LQ-A4E4-01A,4.190678065617533,Wild-type
TCGA-A7-A4SD-01A,4.693938513098414,Wild-type
TCGA-A7-A425-01A,3.9225689425294097,Wild-type
TCGA-AO-A03R-01A,3.6982629365545168,Mutated
TCGA-AR-A24U-01A,2.7415101317759003,Mutated
TCGA-AN-A0FV-01A,4.38302684427493,Mutated
TCGA-AC-A3W6-01A,3.940805718166744,Wild-type
TCGA-BH-A0HK-11A,3.957533914585092,Wild-type
TCGA-BH-A0HK-01A,3.483583637822496,Wild-type
TCGA-AR-A2LK-01A,4.3816225459566605,Wild-type
TCGA-D8-A73X-01A,4.14752650577118,Wild-type
TCGA-BH-A0H5-01A,4.321892027060491,Wild-type
TCGA-A8-A09R-01A,3.5678739592106004,Wild-type
TCGA-A7-A13D-01B,2.7778930838048805,Mutated
TCGA-A8-A09V-01A,4.254631833166887,Wild-type
TCGA-A7-A13D-01A,2.184470736640092,Mutated
TCGA-D8-A1X8-01A,3.9768493407309,Wild-type
TCGA-E2-A14P-01A,4.446984011677935,Mutated
TCGA-AN-A04A-01A,4.248170473201803,Wild-type
TCGA-C8-A27A-01A,4.547301751578354,Mutated
TCGA-A2-A25D-01A,3.4185947634675413,Wild-type
TCGA-A8-A085-01A,3.547523862227681,Wild-type
TCGA-E9-A1RG-01A,1.6164988539892091,Wild-type
TCGA-BH-A0W3-01A,3.9950502882566896,Wild-type
TCGA-AC-A8OQ-01A,3.008020687901725,Mutated
TCGA-AC-A23C-01A,2.325846898238815,Mutated
TCGA-D8-A27M-01A,2.712441708676671,Mutated
TCGA-OL-A66L-01A,3.554195893984727,Wild-type
TCGA-A2-A0YL-01A,4.164480590030979,Wild-type
TCGA-D8-A1JU-01A,3.4167857073788097,Wild-type
TCGA-C8-A1HE-01A,4.116339802110635,Wild-type
TCGA-EW-A2FR-01A,4.082591896724946,Wild-type
TCGA-PE-A5DD-01A,4.023379564238196,Wild-type
TCGA-E9-A1NH-01A,4.430987713164127,Wild-type
TCGA-A7-A26I-01B,4.106138902448721,Mutated
TCGA-BH-A203-11A,3.846874373814916,Wild-type
TCGA-AO-A0JF-01A,3.669525724671032,Wild-type
TCGA-A2-A04R-01A,3.2459063252242286,Wild-type
TCGA-E2-A1IL-01A,4.026782357455471,Wild-type
TCGA-A8-A07C-01A,1.8475560157084796,Wild-type
TCGA-AC-A2FM-01A,4.45927422513849,Wild-type
TCGA-A2-A25A-01A,4.147730000906756,Wild-type
TCGA-EW-A1PB-01A,4.526826278148644,Mutated
TCGA-BH-A0HQ-01A,4.659684850230985,Wild-type
TCGA-E2-A1AZ-01A,4.946786995042007,Wild-type
TCGA-EW-A6SA-01A,4.650678408353564,Wild-type
TCGA-A8-A090-01A,3.015782997240928,Wild-type
TCGA-AO-A12B-01A,3.718394507701891,Wild-type
TCGA-LL-A73Y-01A,2.6980850950133024,Mutated
TCGA-AR-A1AM-01A,3.860049033361449,Wild-type
TCGA-GM-A5PX-01A,3.5535079603690884,Wild-type
TCGA-D8-A73W-01A,3.202119904789373,Wild-type
TCGA-E2-A14W-01A,3.883816290175394,Wild-type
TCGA-E2-A15O-01A,5.737089119640723,Wild-type
TCGA-S3-A6ZH-01A,3.490223533957376,Wild-type
TCGA-E2-A15F-01A,4.654532924056753,Wild-type
TCGA-E2-A158-01A,4.401623640797204,Mutated
TCGA-A7-A0DB-01A,3.7518332385772566,Wild-type
TCGA-A7-A0DB-11A,3.071453781445359,Wild-type
TCGA-E2-A156-01A,4.496801060647633,Wild-type
TCGA-E2-A152-01A,3.679232356940406,Mutated
TCGA-AN-A0XN-01A,4.066390617631738,Mutated
TCGA-E9-A1R0-01A,3.618720256771364,Wild-type
TCGA-AN-A0FN-01A,4.041654771531769,Wild-type
TCGA-B6-A0RH-01A,4.451369387405856,Mutated
TCGA-A2-A1G4-01A,3.3065830622307097,Wild-type
TCGA-E2-A106-01A,3.480743355653747,Wild-type
TCGA-BH-A0C1-01B,4.475350822899659,Wild-type
TCGA-BH-A1FU-01A,4.624650722258229,Mutated
TCGA-BH-A1FU-11A,4.189002185993961,Wild-type
TCGA-AC-A5EH-01A,4.114133775952468,Mutated
TCGA-AQ-A1H2-01A,3.261004188100895,Wild-type
TCGA-A1-A0SE-01A,3.840845887562073,Wild-type
TCGA-AR-A1AT-01A,3.964546498556442,Wild-type
TCGA-D8-A27P-01A,4.243425361895265,Wild-type
TCGA-E9-A3Q9-01A,3.312040683680584,Wild-type
TCGA-AC-A2QI-01A,3.655397627728156,Wild-type
TCGA-E9-A1NI-01A,4.3880655179253045,Wild-type
TCGA-E9-A1RF-01A,2.878431084068563,Wild-type
TCGA-AO-A129-01A,5.496513480876803,Wild-type
TCGA-B6-A0RQ-01A,4.33267929424883,Wild-type
TCGA-A2-A0CX-01A,4.018162337135539,Wild-type
TCGA-AR-A0TZ-01A,4.066631714034814,Wild-type
TCGA-A8-A086-01A,3.9183098993559367,Wild-type
TCGA-E9-A3HO-01A,4.540678269963864,Wild-type
TCGA-E9-A249-01A,5.044424721655965,Wild-type
TCGA-AC-A6IW-01A,5.504181797292895,Mutated
TCGA-AC-A3TN-01A,3.322274300154205,Wild-type
TCGA-EW-A1P0-01A,4.113958814451813,Wild-type
TCGA-E2-A10B-01A,4.187435217551375,Wild-type
TCGA-B6-A40C-01A,4.568378747850531,Wild-type
TCGA-A2-A0CP-01A,4.592869604003614,Wild-type
TCGA-E2-A2P6-01A,3.1812775086722174,Wild-type
TCGA-XX-A899-01A,4.02768487693716,Wild-type
TCGA-E9-A1N5-01A,3.6996404656896384,Mutated
TCGA-PL-A8LX-01A,4.672000957488104,Wild-type
TCGA-A2-A3XZ-01A,3.729574522194115,Wild-type
TCGA-A2-A0EU-01A,4.5317931547322505,Wild-type
TCGA-E9-A295-01A,3.7472155121189736,Wild-type
TCGA-S3-AA15-01A,3.523248292605209,Wild-type
TCGA-C8-A26W-01A,4.070088735111711,Mutated
TCGA-E9-A245-01A,3.4469310944710334,Wild-type
TCGA-AO-A0JJ-01A,3.75745001623129,Wild-type
TCGA-BH-A1FR-01A,3.818267721968573,Wild-type
TCGA-BH-A0HO-01A,3.80261717254048,Wild-type
TCGA-BH-A1FR-11B,3.658394307766329,Wild-type
TCGA-C8-A12O-01A,3.694913613918815,Mutated
TCGA-BH-A18F-01A,4.305481759901674,Wild-type
TCGA-E2-A573-01A,5.129579769402743,Mutated
TCGA-A2-A4S1-01A,3.2402074590761787,Mutated
TCGA-AR-A0TV-01A,3.8478265783361065,Mutated
TCGA-EW-A1PF-01A,3.7170128363679806,Wild-type
TCGA-AN-A04D-01A,4.364656470335989,Wild-type
TCGA-BH-A1ET-01A,4.016318022294673,Wild-type
TCGA-BH-A1ET-11B,3.749695154055789,Wild-type
TCGA-BH-A0E2-01A,4.429026715513544,Wild-type
TCGA-AO-A12D-01A,2.3136231673426386,Mutated
TCGA-E2-A3DX-01A,3.535269154741981,Wild-type
TCGA-A2-A0EM-01A,4.35193922125804,Wild-type
TCGA-A2-A04U-01A,1.8949147479499004,Mutated
TCGA-BH-A18J-01A,4.222155387680004,Wild-type
TCGA-AO-A126-01A,3.661852189836925,Wild-type
TCGA-BH-A18H-01A,2.7110983863511238,Mutated
TCGA-BH-A0HX-01A,4.251507027355928,Mutated
TCGA-AO-A0JA-01A,4.062864287611224,Wild-type
TCGA-BH-A202-01A,1.871212824257514,Mutated
TCGA-5L-AAT0-01A,3.8898628813651785,Wild-type
TCGA-BH-A201-01A,3.702812663550287,Wild-type
TCGA-WT-AB41-01A,4.235014725628561,Wild-type
TCGA-EW-A1J6-01A,4.070689858054111,Wild-type
TCGA-BH-A0RX-01A,3.3607716012781834,Mutated
TCGA-AR-A5QP-01A,3.7369295263393343,Wild-type
TCGA-AR-A24V-01A,3.513654965974452,Wild-type
TCGA-D8-A140-01A,4.385707124657934,Wild-type
TCGA-E9-A1NE-01A,3.409879672370328,Wild-type
TCGA-C8-A12P-01A,4.231839414687365,Mutated
TCGA-Z7-A8R6-01A,3.998475348014406,Mutated
TCGA-AN-A0XV-01A,4.180609373345276,Wild-type
TCGA-EW-A1OV-01A,4.086613947409496,Wild-type
TCGA-A2-A1FX-01A,4.639017943025822,Wild-type
TCGA-AR-A2LO-01A,4.749609350215727,Wild-type
TCGA-E2-A105-01A,3.979467496616421,Wild-type
TCGA-A7-A26I-01A,4.086410138541071,Mutated
TCGA-E9-A5FK-01A,4.242229018301694,Wild-type
TCGA-A8-A07B-01A,1.8799409691262008,Mutated
TCGA-A2-A04T-01A,5.2456896012999,Mutated
TCGA-EW-A1PE-01A,3.597614599034639,Wild-type
TCGA-D8-A1XW-01A,3.912410353808268,Mutated
TCGA-AR-A0TP-01A,4.019550699269635,Mutated
TCGA-C8-A26V-01A,3.428356822465183,Mutated
TCGA-BH-A1FJ-11B,3.7275502060659615,Wild-type
TCGA-AO-A0J4-01A,4.822969727580407,Mutated
TCGA-A8-A08X-01A,5.015234390565983,Mutated
TCGA-AC-A2FE-01A,4.527720953376412,Wild-type
TCGA-A7-A4SC-01A,3.827443062137596,Wild-type
TCGA-OL-A66N-01A,3.721963179486338,Wild-type
TCGA-A2-A0CM-01A,5.172439510218086,Mutated
TCGA-D8-A1X5-01A,3.8623026010776655,Mutated
TCGA-BH-A0EB-01A,4.531175569343839,Wild-type
TCGA-AN-A0AR-01A,2.2131606136954565,Mutated
TCGA-B6-A0WW-01A,4.050188223311478,Wild-type
TCGA-E2-A1L8-01A,4.240245627934098,Wild-type
TCGA-EW-A1P1-01A,4.119381079500948,Mutated
TCGA-E2-A2P5-01A,4.82888033577974,Mutated
TCGA-E2-A158-11A,2.9771150346442723,Wild-type
TCGA-E2-A576-01A,3.5240636757772106,Wild-type
TCGA-A7-A0DB-01C,2.7110102559270954,Wild-type
TCGA-AC-A23G-01A,4.199876466836581,Wild-type
TCGA-BH-A0BP-01A,3.395597539819887,Mutated
TCGA-A2-A3XS-01A,2.5772233615461007,Wild-type
TCGA-EW-A1PD-01A,3.890835769014758,Wild-type
TCGA-AC-A3OD-01B,2.9538798135350466,Mutated
TCGA-BH-A0DK-01A,4.105602656224181,Wild-type
TCGA-E9-A1ND-01A,4.922911406258192,Mutated
TCGA-E2-A109-01A,4.516784211191781,Wild-type
TCGA-AN-A03Y-01A,4.68573835880429,Wild-type
TCGA-A2-A4RX-01A,4.632657923213702,Wild-type
TCGA-A8-A06R-01A,2.323225936483009,Wild-type
TCGA-AR-A0TX-01A,3.765014858164232,Mutated
TCGA-E9-A3QA-01A,5.463243163376711,Wild-type
TCGA-GM-A2DA-01A,3.722651814141673,Wild-type
TCGA-AR-A0TR-01A,3.177056700660017,Wild-type
TCGA-OL-A5D6-01A,3.780026572159516,Mutated
TCGA-A2-A0YG-01A,2.4892346345320173,Mutated
TCGA-EW-A1IZ-01A,4.427632988425637,Wild-type
TCGA-C8-A3M8-01A,3.3303145840448245,Wild-type
TCGA-BH-A0AW-01A,4.006800680084152,Mutated
TCGA-E9-A5FL-01A,4.54978004823653,Mutated
TCGA-BH-A0EE-01A,1.8285097272987505,Mutated
TCGA-E9-A1RF-11A,2.64961545906341,Wild-type
TCGA-A7-A6VY-01A,2.49205826503495,Mutated
TCGA-A2-A25F-01A,3.7299986155902087,Wild-type
TCGA-E2-A15D-01A,4.574991561652783,Wild-type
TCGA-OL-A5D7-01A,5.763379703093499,Mutated
TCGA-AQ-A04J-01A,4.973684739978236,Mutated
TCGA-E9-A1N9-01A,2.473189452438936,Mutated
TCGA-E9-A1N9-11A,3.774270495483696,Wild-type
TCGA-A8-A0A7-01A,3.690305341007379,Wild-type
TCGA-AO-A1KR-01A,4.924152156253268,Wild-type
TCGA-OL-A5RU-01A,3.877145456330206,Wild-type
TCGA-C8-A12N-01A,4.617733388896543,Wild-type
TCGA-LL-A5YO-01A,4.538060083056366,Mutated
TCGA-A8-A08A-01A,4.5333764585140255,Wild-type
TCGA-D8-A4Z1-01A,4.13386761696161,Wild-type
TCGA-A2-A1FZ-01A,4.224047994097965,Wild-type
TCGA-BH-A1FC-11A,3.95347012627884,Wild-type
TCGA-BH-A1FC-01A,2.6094476713304884,Mutated
TCGA-C8-A12U-01A,4.925880770993272,Wild-type
TCGA-AR-A1AI-01A,4.920850640757444,Mutated
TCGA-B6-A2IU-01A,3.655603705758043,Wild-type
TCGA-AR-A1AQ-01A,3.441802154628867,Mutated
TCGA-A7-A6VW-01A,4.655735351312151,Mutated
TCGA-A2-A0SW-01A,3.896591551033416,Mutated
TCGA-A8-A094-01A,2.0243551432393887,Mutated
TCGA-A2-A4S3-01A,3.84466685269957,Mutated
TCGA-AR-A2LQ-01A,3.417798518271559,Wild-type
TCGA-C8-A12Z-01A,4.314232468705355,Mutated
TCGA-C8-A133-01A,3.638896344423052,Wild-type
TCGA-E9-A22B-01A,4.077994918849497,Wild-type
TCGA-E9-A228-01A,4.003458319772411,Wild-type
TCGA-E9-A247-01A,4.5097718379145935,Wild-type
TCGA-D8-A1JJ-01A,4.753112430030232,Mutated
TCGA-D8-A1XB-01A,4.341871920644401,Wild-type
TCGA-LL-A9Q3-01A,3.1145669226556048,Wild-type
TCGA-B6-A0X5-01A,4.722460559706798,Wild-type
TCGA-BH-A1FD-01A,4.489709904572802,Mutated
TCGA-A8-A09T-01A,4.353090351926349,Wild-type
TCGA-BH-A0BS-11A,4.394280899294194,Wild-type
TCGA-AC-A2FF-11A,4.795351365166559,Wild-type
TCGA-OL-A66K-01A,4.282165474113297,Wild-type
TCGA-AC-A2FF-01A,4.630900497487949,Wild-type
TCGA-E2-A15L-01A,4.276764633639311,Wild-type
TCGA-E9-A6HE-01A,2.645517217893224,Mutated
TCGA-GM-A2DF-01A,2.555668933770539,Mutated
TCGA-BH-A0BZ-11A,3.4906984783881825,Wild-type
TCGA-BH-A0BW-01A,2.6377261579307194,Mutated
TCGA-A2-A25B-01A,4.174358477047302,Wild-type
TCGA-BH-A1FE-06A,3.3753036115506987,Wild-type
TCGA-B6-A0IA-01A,3.695604143773855,Wild-type
TCGA-A7-A6VV-01A,3.204469418436284,Mutated
TCGA-AN-A0FF-01A,4.138609712229137,Wild-type
TCGA-A2-A3XW-01A,4.087182761498488,Wild-type
TCGA-A2-A3XT-01A,4.767093287825024,Wild-type
TCGA-A2-A0ET-01A,4.616963398227044,Wild-type
TCGA-BH-A1FB-11A,4.121347016878443,Wild-type
TCGA-E9-A5UP-01A,3.422394487358315,Wild-type
TCGA-D8-A27G-01A,3.1582885486966616,Wild-type
TCGA-A2-A1G0-01A,3.564475727061239,Wild-type
TCGA-D8-A1Y3-01A,2.008271737963543,Mutated
TCGA-BH-A5J0-01A,3.6892096883016303,Wild-type
TCGA-E2-A1B1-01A,3.726373491923332,Wild-type
TCGA-C8-A1HN-01A,4.230610366535731,Wild-type
TCGA-BH-A0HL-01A,3.452015499178249,Wild-type
TCGA-B6-A0RT-01A,5.094780778653633,Mutated
TCGA-C8-A12M-01A,4.791725527593872,Wild-type
TCGA-BH-A1F8-11B,4.127550743323729,Wild-type
TCGA-AO-A0J8-01A,4.525411183597319,Wild-type
TCGA-A8-A08J-01A,3.453148792137598,Wild-type
TCGA-A7-A6VX-01A,3.346715829282934,Mutated
TCGA-BH-A0HN-01A,3.797687461711252,Wild-type
TCGA-BH-A0BQ-11A,4.456523626638524,Wild-type
TCGA-A2-A1FW-01A,4.396385577627417,Wild-type
TCGA-D8-A27K-01A,4.412517345722258,Wild-type
TCGA-BH-A0BF-01A,4.390275595588267,Mutated
TCGA-LD-A9QF-01A,3.673793838591036,Wild-type
TCGA-BH-A0H0-01A,3.471005323276444,Wild-type
TCGA-BH-A0H9-11A,2.932741527423418,Wild-type
TCGA-BH-A209-01A,4.723045172128523,Wild-type
TCGA-E2-A14S-01A,3.071230654635466,Wild-type
TCGA-BH-A0DP-01A,3.991517311074333,Wild-type
TCGA-W8-A86G-01A,3.4485441967267474,Wild-type
TCGA-A8-A09C-01A,4.800330472924635,Wild-type
TCGA-E2-A574-01A,5.01426601453149,Mutated
TCGA-BH-A0B5-11A,2.491724851070611,Wild-type
TCGA-E9-A1RI-11A,2.611148767820649,Wild-type
TCGA-A8-A084-01A,2.045058480445265,Wild-type
TCGA-GM-A2DK-01A,3.6164518031929274,Wild-type
TCGA-A8-A09E-01A,4.338310306857065,Wild-type
TCGA-AO-A0J9-01A,4.525642953409456,Wild-type
TCGA-AO-A03M-01B,2.7036765992489054,Wild-type
TCGA-AO-A12H-01A,4.033837028638216,Wild-type
TCGA-BH-A1F6-01A,4.3879001423652,Mutated
TCGA-B6-A0WY-01A,4.734482022211186,Wild-type
TCGA-A8-A06N-01A,3.0605489530206778,Wild-type
TCGA-BH-A0BL-01A,4.675194919385898,Mutated
TCGA-A2-A0EY-01A,4.285365226207446,Mutated
TCGA-A2-A0T2-01A,4.1924309120017424,Mutated
TCGA-D8-A27I-01A,4.389704466935855,Wild-type
TCGA-EW-A6S9-01A,3.2491874230199715,Mutated
TCGA-D8-A1X6-01A,4.064624219110968,Wild-type
TCGA-XX-A89A-01A,3.743698066895729,Wild-type
TCGA-EW-A1IX-01A,3.8610819418748847,Wild-type
TCGA-E9-A5UO-01A,2.633547458294206,Wild-type
TCGA-E9-A1NC-01A,3.828377706761556,Mutated
TCGA-AR-A24H-01A,1.6115029105996006,Wild-type
TCGA-E9-A1N6-01A,4.703172699633089,Wild-type
TCGA-E2-A1L6-01A,4.150714010694913,Wild-type
TCGA-E2-A1LB-01A,4.44819396306671,Wild-type
TCGA-E2-A1LB-11A,4.750649377751032,Wild-type
TCGA-E9-A54Y-01A,3.7664255476396775,Wild-type
TCGA-BH-A1ES-06A,2.604925298199238,Wild-type
TCGA-BH-A1ES-01A,4.060955269283235,Wild-type
TCGA-E9-A1R5-01A,4.092960055182518,Wild-type
TCGA-E2-A15S-01A,3.491352875338851,Wild-type
TCGA-EW-A3E8-01B,3.6009595317939267,Wild-type
TCGA-A8-A07J-01A,4.144756118468595,Wild-type
TCGA-E2-A1B5-01A,4.192541380509661,Wild-type
TCGA-C8-A26X-01A,3.9138755390883904,Mutated
TCGA-AC-A6IX-01A,3.629881141096436,Wild-type
TCGA-AO-A12C-01A,3.881175155349276,Wild-type
TCGA-AC-A6IX-06A,3.0944894483625114,Wild-type
TCGA-E2-A1IF-01A,4.595169443590414,Wild-type
TCGA-B6-A0RG-01A,3.950375093212098,Wild-type
TCGA-E2-A14N-01A,2.444773065522451,Mutated
TCGA-A7-A3RF-01A,4.059614856297222,Wild-type
TCGA-AR-A5QM-01A,3.245450026447319,Wild-type
TCGA-E2-A10C-01A,4.045434233482767,Wild-type
TCGA-AC-A3TM-01A,4.752839559665565,Wild-type
TCGA-AN-A04C-01A,4.553649259218568,Mutated
TCGA-BH-A1F2-01A,4.432137638602029,Mutated
TCGA-C8-A12W-01A,4.488559996073956,Mutated
TCGA-BH-A18N-01A,4.4947036086099885,Wild-type
TCGA-A7-A0CE-11A,3.92673955901793,Wild-type
TCGA-C8-A12K-01A,4.64490608964729,Mutated
TCGA-E9-A1N4-01A,4.146280489784902,Wild-type
TCGA-A7-A13G-01A,3.252778951528184,Wild-type
TCGA-A7-A13G-01B,3.571082136905375,Wild-type
TCGA-D8-A1XO-01A,4.247578187092474,Wild-type
TCGA-BH-A0E6-01A,2.493801021993489,Wild-type
TCGA-E2-A1II-01A,4.80373333767668,Mutated
TCGA-HN-A2NL-01A,2.674596236828052,Mutated
TCGA-A8-A07W-01A,3.9583230258969695,Mutated
TCGA-D8-A1JC-01A,3.221691513510904,Wild-type
TCGA-AO-A0JC-01A,4.190938758659698,Wild-type
TCGA-EW-A1P7-01A,4.05973597703329,Wild-type
TCGA-AC-A3BB-01A,4.174142720659253,Wild-type
TCGA-BH-A0DX-01A,3.70986407023266,Wild-type
TCGA-C8-A1HF-01A,4.264341256137457,Mutated
TCGA-A8-A07Z-01A,4.020848854593208,Wild-type
TCGA-B6-A0I6-01A,2.3985419142552478,Mutated
TCGA-A2-A3XU-01A,5.155890872735649,Wild-type
TCGA-E9-A54X-01A,3.2105447219555083,Wild-type
TCGA-BH-A0DQ-11A,3.983294627463647,Wild-type
TCGA-AN-A0XT-01A,4.223669671388246,Mutated
TCGA-C8-A1HJ-01A,2.2741423637115816,Mutated
TCGA-D8-A1JM-01A,4.52635056052912,Mutated
TCGA-C8-A1HL-01A,4.196308025262423,Wild-type
TCGA-JL-A3YW-01A,2.919530776387289,Wild-type
TCGA-B6-A0I8-01A,3.184343777952908,Wild-type
TCGA-BH-A1EY-01A,3.867797645879606,Mutated
TCGA-BH-A204-11A,2.9061209529971,Wild-type
TCGA-AR-A5QN-01A,3.22164511788964,Wild-type
TCGA-AN-A0AT-01A,2.3985966364158093,Wild-type
TCGA-A2-A0T3-01A,2.457883169640404,Mutated
TCGA-A2-A0T6-01A,3.882046285971791,Wild-type
TCGA-GM-A3XN-01A,4.373515975627814,Wild-type
TCGA-AC-A62Y-01A,3.255123014847789,Wild-type
TCGA-E2-A15E-01A,4.215235936576783,Mutated
TCGA-A1-A0SQ-01A,2.531942832596635,Wild-type
TCGA-E2-A15E-06A,4.163482630685873,Mutated
TCGA-A8-A0A4-01A,3.483918938360906,Wild-type
TCGA-AC-A7VC-01A,4.562871271653544,Mutated
TCGA-A2-A0YD-01A,4.284780616336015,Wild-type
TCGA-EW-A1P3-01A,3.4536229296393275,Wild-type
TCGA-D8-A1XG-01A,3.700195549088516,Wild-type
TCGA-BH-A0H7-01A,3.302465287332405,Mutated
TCGA-A8-A06Z-01A,1.7129038746345189,Mutated
TCGA-E9-A1RE-01A,4.04579241851409,Wild-type
TCGA-BH-A0B7-01A,2.637262455221741,Mutated
TCGA-B6-A0RN-01A,4.603294004716065,Wild-type
TCGA-E2-A14U-01A,4.421526283868891,Wild-type
TCGA-A8-A076-01A,3.825470194209071,Wild-type
TCGA-BH-A0EA-01A,4.412652828491456,Wild-type
TCGA-BH-A8FZ-01A,2.92821870177992,Wild-type
TCGA-BH-A0BG-01A,2.644479299450387,Wild-type
TCGA-B6-A409-01A,2.421694581180292,Mutated
TCGA-E9-A248-01A,2.6105347143283697,Mutated
TCGA-BH-A0AZ-01A,3.648292861528109,Wild-type
TCGA-BH-A1FH-01A,3.639174269028242,Wild-type
TCGA-AN-A0FX-01A,4.779448844980181,Mutated
TCGA-B6-A0X1-01A,1.861121654360701,Mutated
TCGA-BH-A0B3-01A,4.989357030446132,Mutated
TCGA-BH-A0HF-01A,3.8789508981905465,Wild-type
TCGA-BH-A0B3-11B,3.852338489865355,Wild-type
TCGA-AN-A0XO-01A,3.5150563947333056,Wild-type
TCGA-A2-A0CZ-01A,4.376901565316491,Wild-type
TCGA-A2-A04N-01A,4.614539066023302,Wild-type
TCGA-A2-A0SX-01A,5.480097056391563,Mutated
TCGA-B6-A0I5-01A,4.592983188622882,Wild-type
TCGA-GI-A2C9-01A,4.415407142524553,Wild-type
TCGA-AR-A250-01A,3.8184415757641648,Wild-type
TCGA-GI-A2C9-11A,3.830255324167683,Wild-type
TCGA-E9-A1NG-11A,3.156121513926713,Wild-type
TCGA-EW-A1P5-01A,3.530707525555286,Wild-type
TCGA-E2-A15P-01A,4.149552037690508,Wild-type
TCGA-EW-A1OY-01A,1.9128797581398045,Mutated
TCGA-B6-A0RL-01A,3.7062210941412017,Wild-type
TCGA-C8-A130-01A,2.639996149311747,Mutated
TCGA-BH-A18P-01A,4.057051634700625,Wild-type
TCGA-AC-A8OS-01A,3.183851707485234,Wild-type
TCGA-D8-A1J9-01A,3.5466105219083057,Mutated
TCGA-AR-A256-01A,2.5199192606224963,Mutated
TCGA-A7-A426-01A,4.282536179153903,Wild-type
TCGA-BH-A1FG-01A,3.381394131786851,Wild-type
TCGA-BH-A0BJ-01A,4.166868060534098,Wild-type
TCGA-A7-A3J0-01A,4.224325882270896,Wild-type
TCGA-E2-A15C-01A,4.233872725324061,Wild-type
TCGA-E2-A14Z-01A,4.4144197132101946,Mutated
TCGA-EW-A3U0-01A,3.6513043201306674,Wild-type
TCGA-BH-A18Q-11A,3.9438650800363577,Wild-type
TCGA-E2-A10E-01A,4.59741198755465,Wild-type
TCGA-AR-A0TY-01A,4.603240585745506,Wild-type
TCGA-E2-A1B4-01A,4.161436265825987,Wild-type
TCGA-A7-A4SE-01A,5.775890727241799,Mutated
TCGA-GM-A2DC-01A,2.9729866765336137,Wild-type
TCGA-C8-A1HG-01A,4.035940564132559,Mutated
TCGA-E9-A226-01A,2.40718957187911,Mutated
TCGA-D8-A1JN-01A,3.329367613620982,Wild-type
TCGA-BH-A0BO-01A,3.794249491923618,Wild-type
TCGA-E9-A1R7-01A,3.0690834415309745,Wild-type
TCGA-E9-A1R7-11A,2.9317397805203305,Wild-type
TCGA-BH-A0HW-01A,3.6529682688746448,Wild-type
TCGA-D8-A1JB-01A,3.9031057743176136,Wild-type
TCGA-E2-A15G-01A,4.405951528106305,Wild-type
TCGA-D8-A3Z6-01A,4.239756990274608,Wild-type
TCGA-A2-A4S0-01A,3.393855477339029,Wild-type
TCGA-BH-A0DL-11A,4.118226813792948,Wild-type
TCGA-A2-A25E-01A,3.945467247060842,Wild-type
TCGA-E2-A10A-01A,4.84480241154388,Wild-type
TCGA-BH-A0E9-01B,3.93630814244361,Wild-type
TCGA-OL-A66H-01A,4.331812683819207,Wild-type
TCGA-AQ-A04L-01B,3.364642464335912,Wild-type
TCGA-BH-A0WA-01A,4.864592271153671,Mutated
TCGA-A2-A25C-01A,4.87274505125085,Wild-type
TCGA-BH-A1EX-01A,4.269497009077459,Wild-type
TCGA-BH-A0DE-01A,3.4784929837307272,Wild-type
TCGA-BH-A0C3-11A,4.487730722425375,Wild-type
TCGA-BH-A0C3-01A,2.9450832638804907,Mutated
TCGA-A2-A0T7-01A,4.371788839142578,Wild-type
TCGA-C8-A12L-01A,4.818610296179946,Mutated
TCGA-AN-A0AS-01A,3.908793697291529,Mutated
TCGA-BH-A0GY-01A,4.5227337368696485,Mutated
TCGA-BH-A18S-11A,3.7566603929559865,Wild-type
TCGA-OL-A5S0-01A,3.393745670660825,Wild-type
TCGA-BH-A42V-01A,4.095333722169897,Wild-type
TCGA-UU-A93S-01A,4.223754609612395,Mutated
TCGA-BH-A6R9-01A,4.009633819397268,Wild-type
TCGA-BH-A1EO-11A,3.260928939956876,Wild-type
TCGA-BH-A1EO-01A,3.98494473998205,Wild-type
TCGA-B6-A0RP-01A,4.280013504442631,Wild-type
TCGA-E2-A15M-11A,3.699784807920125,Wild-type
TCGA-BH-A0B9-01A,5.315555362245865,Mutated
TCGA-D8-A13Z-01A,5.024949036418533,Mutated
TCGA-WT-AB44-01A,4.04518082938843,Wild-type
TCGA-E9-A1RC-01A,4.396810254270065,Wild-type
TCGA-AR-A0TQ-01A,4.6821237896197205,Wild-type
TCGA-B6-A0I1-01A,4.79524225489023,Wild-type
TCGA-A8-A08O-01A,3.728410343279936,Wild-type
TCGA-EW-A1IW-01A,3.725326717454272,Wild-type
TCGA-A8-A07P-01A,3.3203546996365176,Wild-type
TCGA-D8-A1XF-01A,3.708617662292321,Wild-type
TCGA-AR-A251-01A,5.534743309027126,Mutated
TCGA-AC-A8OR-01A,4.568287534062428,Wild-type
TCGA-E2-A56Z-01A,3.9544755146662154,Wild-type
TCGA-AN-A0XL-01A,3.261064383790386,Wild-type
TCGA-BH-A0DZ-01A,3.73993448903754,Mutated
TCGA-BH-A0DZ-11A,4.633826415135775,Wild-type
TCGA-D8-A145-01A,3.944399333431868,Wild-type
TCGA-E9-A1R6-01A,3.994525418486992,Wild-type
TCGA-AO-A12F-01A,3.867273796848806,Wild-type
TCGA-D8-A1X7-01A,3.4509077017726404,Wild-type
TCGA-BH-A0DH-11A,3.548559926695253,Wild-type
TCGA-D8-A1XJ-01A,4.582670402509036,Mutated
TCGA-A2-A0YK-01A,4.137569099306906,Wild-type
TCGA-E2-A14T-01A,3.7887065888277434,Wild-type
TCGA-E2-A1B6-01A,4.1991226420136005,Mutated
TCGA-EW-A1OZ-01A,3.2677005824836125,Mutated
TCGA-PL-A8LZ-01A,4.777277674736665,Mutated
TCGA-MS-A51U-01A,4.190804468127001,Wild-type
TCGA-LL-A8F5-01A,4.368977824933341,Mutated
TCGA-LL-A50Y-01A,3.826772183011163,Wild-type
TCGA-AR-A1AP-01A,2.54188649247228,Mutated
TCGA-AR-A1AK-01A,4.048497772497278,Wild-type
TCGA-BH-A0DV-11A,3.943874454608164,Wild-type
TCGA-E9-A1RB-11A,3.524013511656102,Wild-type
TCGA-AN-A0XS-01A,4.299969926544818,Wild-type
TCGA-D8-A73U-01A,3.5541713305747327,Wild-type
TCGA-AC-A5XU-01A,5.296736374858991,Mutated
TCGA-AN-A0G0-01A,2.3551290584841698,Mutated
TCGA-B6-A0IG-01A,3.8619950525959497,Wild-type
TCGA-AR-A1AU-01A,3.5458201393973803,Wild-type
TCGA-LD-A74U-01A,3.758249869354228,Mutated
TCGA-A2-A0T5-01A,5.020391076974897,Wild-type
TCGA-EW-A1OX-01A,3.75738600882025,Wild-type
TCGA-LD-A66U-01A,4.079122064434,Wild-type
TCGA-AR-A1AY-01A,2.2461344205043976,Wild-type
TCGA-BH-A0E1-01A,3.9845073249392975,Wild-type
TCGA-A8-A08R-01A,2.74312715259193,Mutated
TCGA-BH-A0C0-01A,2.743838067982191,Mutated
TCGA-E2-A1L7-11A,4.302019220014097,Wild-type
TCGA-E2-A1L7-01A,4.9359547053069575,Mutated
TCGA-AR-A0U0-01A,5.1684133874995295,Mutated
TCGA-AN-A0XW-01A,3.475136777520501,Wild-type
TCGA-A7-A4SB-01A,3.092410429684445,Wild-type
TCGA-E9-A1R4-01A,4.11562425384449,Wild-type
TCGA-OL-A5RY-01A,4.035527140354579,Wild-type
TCGA-OL-A6VQ-01A,3.83856861047501,Wild-type
TCGA-A7-A0DC-01B,3.925049964727359,Wild-type
TCGA-A7-A0DC-01A,3.812344192729447,Wild-type
TCGA-A7-A0DC-11A,3.535281598472793,Wild-type
TCGA-A8-A08F-01A,3.52387555132852,Wild-type
TCGA-LL-A6FP-01A,4.030018191322923,Wild-type
TCGA-GI-A2C8-11A,1.3311892618980938,Wild-type
TCGA-GI-A2C8-01A,2.35456499895441,Wild-type
TCGA-A8-A06T-01A,4.085373664716268,Wild-type
TCGA-A8-A06U-01A,2.0969702056955555,Mutated
TCGA-AO-A0JI-01A,3.912908492219511,Wild-type
TCGA-A7-A0CD-01A,3.4988252777355067,Wild-type
TCGA-C8-A1HI-01A,3.8491085555892592,Wild-type
TCGA-A8-A07E-01A,4.053302524338354,Wild-type
TCGA-A8-A09K-01A,3.7657787109249408,Wild-type
TCGA-D8-A1XU-01A,3.654366795797098,Wild-type
TCGA-A8-A07I-01A,3.644767685038393,Wild-type
TCGA-PL-A8LV-01A,3.839909213179888,Mutated
TCGA-BH-A28O-01A,4.128029388740641,Wild-type
TCGA-D8-A1XV-01A,3.7808035129615383,Wild-type
TCGA-D8-A1XR-01A,4.56922979855939,Wild-type
TCGA-D8-A27R-01A,3.5209124929479696,Wild-type
TCGA-BH-A18L-01A,3.086189313104476,Wild-type
TCGA-E9-A1R2-01A,3.934573113753575,Wild-type
TCGA-C8-A134-01A,4.510329019490572,Mutated
TCGA-BH-A0HA-01A,3.5842409728036966,Wild-type
TCGA-BH-A0HA-11A,4.611302240365026,Wild-type
TCGA-AR-A24T-01A,3.945598339865416,Mutated
TCGA-E2-A1IG-01A,3.710073537538361,Wild-type
TCGA-E9-A1NA-01A,3.641395740526433,Wild-type
TCGA-D8-A1JP-01A,3.8068911241086543,Wild-type
TCGA-AR-A252-01A,3.868439842658912,Wild-type
TCGA-D8-A1XL-01A,4.536568944523972,Mutated
TCGA-BH-A0EI-01A,3.187561904491811,Wild-type
TCGA-E2-A1IO-01A,2.9919163366344383,Mutated
TCGA-E2-A15R-01A,3.4385323935986807,Wild-type
TCGA-B6-A0IP-01A,4.86444370154989,Wild-type
TCGA-A1-A0SN-01A,4.220639512876857,Wild-type
